{
  "data": [
    {
      "name": "Franky28",
      "pages": [
        {
          "title": "F95zone",
          "link": "https://f95zone.to/threads/75444"
        }
      ],
      "tradCount": 106,
      "readCount": 0,
      "score": 106
    },
    {
      "name": "Asterix71300",
      "pages": [],
      "tradCount": 86,
      "readCount": 0,
      "score": 86
    },
    {
      "name": "Frelon71",
      "pages": [
        {
          "title": "F95zone",
          "link": "https://f95zone.to/threads/145679"
        }
      ],
      "tradCount": 67,
      "readCount": 0,
      "score": 67
    },
    {
      "name": "Laurent Rochette",
      "pages": [],
      "tradCount": 47,
      "readCount": 0,
      "score": 47
    },
    {
      "name": "Rory-Mercury91",
      "pages": [
        {
          "title": "F95zone",
          "link": "https://f95zone.to/threads/184325"
        },
        {
          "title": "LewdCorner",
          "link": "https://lewdcorner.com/threads/5133"
        }
      ],
      "tradCount": 24,
      "readCount": 2,
      "score": 26
    },
    {
      "name": "Frelon31",
      "pages": [
        {
          "title": "F95zone",
          "link": "https://f95zone.to/threads/traductions-francaises-frelon31.190371/"
        }
      ],
      "tradCount": 24,
      "readCount": 0,
      "score": 24
    },
    {
      "name": "Gking2392",
      "pages": [
        {
          "title": "F95zone",
          "link": "https://f95zone.to/threads/93760"
        }
      ],
      "tradCount": 23,
      "readCount": 0,
      "score": 23
    },
    {
      "name": "Jupiterwing",
      "pages": [],
      "tradCount": 23,
      "readCount": 0,
      "score": 23
    },
    {
      "name": "Anthias77",
      "pages": [
        {
          "title": "F95Zone",
          "link": "https://f95zone.to/threads/mes-traductions-francaises.81020/"
        }
      ],
      "tradCount": 13,
      "readCount": 0,
      "score": 13
    },
    {
      "name": "YamiJM",
      "pages": [],
      "tradCount": 12,
      "readCount": 0,
      "score": 12
    },
    {
      "name": "Nemerof",
      "pages": [
        {
          "title": "F95zone",
          "link": "https://f95zone.to/threads/traductions-francaises-par-nemerof.201829/"
        },
        {
          "title": "LewdCorner",
          "link": "https://lewdcorner.com/threads/traductions-fran%C3%A7aises-par-nemerof.6105/"
        }
      ],
      "tradCount": 11,
      "readCount": 0,
      "score": 11
    },
    {
      "name": "Akira800",
      "pages": [
        {
          "title": "F95zone",
          "link": "https://f95zone.to/threads/151550"
        }
      ],
      "tradCount": 9,
      "readCount": 0,
      "score": 9
    },
    {
      "name": "AngeDivin",
      "pages": [],
      "tradCount": 9,
      "readCount": 0,
      "score": 9
    },
    {
      "name": "tomberaid",
      "pages": [],
      "tradCount": 7,
      "readCount": 0,
      "score": 7
    },
    {
      "name": "乃คяdaK",
      "pages": [],
      "tradCount": 7,
      "readCount": 0,
      "score": 7
    },
    {
      "name": "Yoyortx",
      "pages": [],
      "tradCount": 6,
      "readCount": 0,
      "score": 6
    },
    {
      "name": "Joelurmel",
      "pages": [],
      "tradCount": 4,
      "readCount": 0,
      "score": 4
    },
    {
      "name": "Michoco",
      "pages": [],
      "tradCount": 4,
      "readCount": 0,
      "score": 4
    },
    {
      "name": "NinNarchY",
      "pages": [],
      "tradCount": 4,
      "readCount": 0,
      "score": 4
    },
    {
      "name": "rothko",
      "pages": [
        {
          "title": "F95zone",
          "link": "https://f95zone.to/threads/95243"
        }
      ],
      "tradCount": 4,
      "readCount": 0,
      "score": 4
    },
    {
      "name": "WCKD_FOX",
      "pages": [
        {
          "title": "F95zone",
          "link": "https://f95zone.to/100306"
        }
      ],
      "tradCount": 4,
      "readCount": 0,
      "score": 4
    },
    {
      "name": "F999",
      "pages": [],
      "tradCount": 3,
      "readCount": 0,
      "score": 3
    },
    {
      "name": "Mammon666",
      "pages": [],
      "tradCount": 3,
      "readCount": 0,
      "score": 3
    },
    {
      "name": "Mask0101",
      "pages": [],
      "tradCount": 3,
      "readCount": 0,
      "score": 3
    },
    {
      "name": "Mookys",
      "pages": [
        {
          "title": "F95zone",
          "link": "https://f95zone.to/threads/traductions-francaises-french-translations-by-mookys.201104/"
        }
      ],
      "tradCount": 3,
      "readCount": 0,
      "score": 3
    },
    {
      "name": "Pinpin007",
      "pages": [
        {
          "title": "F95zone",
          "link": "https://f95zone.to/threads/147809"
        }
      ],
      "tradCount": 3,
      "readCount": 0,
      "score": 3
    },
    {
      "name": "Podus",
      "pages": [],
      "tradCount": 3,
      "readCount": 0,
      "score": 3
    },
    {
      "name": "Sopra",
      "pages": [],
      "tradCount": 3,
      "readCount": 0,
      "score": 3
    },
    {
      "name": "Starsnow",
      "pages": [],
      "tradCount": 3,
      "readCount": 0,
      "score": 3
    },
    {
      "name": "Wissssss",
      "pages": [],
      "tradCount": 3,
      "readCount": 0,
      "score": 3
    },
    {
      "name": "━ ₭úʍᾰ :･ﾟ✧",
      "pages": [],
      "tradCount": 0,
      "readCount": 3,
      "score": 3
    },
    {
      "name": "Aswang",
      "pages": [],
      "tradCount": 2,
      "readCount": 0,
      "score": 2
    },
    {
      "name": "Blakmoon",
      "pages": [],
      "tradCount": 2,
      "readCount": 0,
      "score": 2
    },
    {
      "name": "Cetelem",
      "pages": [],
      "tradCount": 2,
      "readCount": 0,
      "score": 2
    },
    {
      "name": "DarckBest",
      "pages": [],
      "tradCount": 2,
      "readCount": 0,
      "score": 2
    },
    {
      "name": "Marsu70",
      "pages": [],
      "tradCount": 2,
      "readCount": 0,
      "score": 2
    },
    {
      "name": "soulstars",
      "pages": [],
      "tradCount": 2,
      "readCount": 0,
      "score": 2
    },
    {
      "name": "Tulrek",
      "pages": [],
      "tradCount": 2,
      "readCount": 0,
      "score": 2
    },
    {
      "name": "Ambrozios",
      "pages": [],
      "tradCount": 1,
      "readCount": 0,
      "score": 1
    },
    {
      "name": "BeoXx17",
      "pages": [],
      "tradCount": 1,
      "readCount": 0,
      "score": 1
    },
    {
      "name": "BigEiffelTower",
      "pages": [],
      "tradCount": 1,
      "readCount": 0,
      "score": 1
    },
    {
      "name": "BOMBOCLAT002",
      "pages": [],
      "tradCount": 1,
      "readCount": 0,
      "score": 1
    },
    {
      "name": "BozR",
      "pages": [],
      "tradCount": 1,
      "readCount": 0,
      "score": 1
    },
    {
      "name": "djoblz",
      "pages": [],
      "tradCount": 1,
      "readCount": 0,
      "score": 1
    },
    {
      "name": "dragon16",
      "pages": [],
      "tradCount": 1,
      "readCount": 0,
      "score": 1
    },
    {
      "name": "Drooskati",
      "pages": [],
      "tradCount": 1,
      "readCount": 0,
      "score": 1
    },
    {
      "name": "EAT",
      "pages": [],
      "tradCount": 1,
      "readCount": 0,
      "score": 1
    },
    {
      "name": "éjac_précoce",
      "pages": [],
      "tradCount": 1,
      "readCount": 0,
      "score": 1
    },
    {
      "name": "Gamesstar",
      "pages": [],
      "tradCount": 1,
      "readCount": 0,
      "score": 1
    },
    {
      "name": "havenest",
      "pages": [],
      "tradCount": 1,
      "readCount": 0,
      "score": 1
    },
    {
      "name": "Jason Lecoeur",
      "pages": [],
      "tradCount": 1,
      "readCount": 0,
      "score": 1
    },
    {
      "name": "kalamyte",
      "pages": [],
      "tradCount": 1,
      "readCount": 0,
      "score": 1
    },
    {
      "name": "knilf",
      "pages": [],
      "tradCount": 1,
      "readCount": 0,
      "score": 1
    },
    {
      "name": "Kompas",
      "pages": [],
      "tradCount": 1,
      "readCount": 0,
      "score": 1
    },
    {
      "name": "Lasticot",
      "pages": [],
      "tradCount": 1,
      "readCount": 0,
      "score": 1
    },
    {
      "name": "marcodelamoret",
      "pages": [],
      "tradCount": 1,
      "readCount": 0,
      "score": 1
    },
    {
      "name": "Maxo",
      "pages": [],
      "tradCount": 1,
      "readCount": 0,
      "score": 1
    },
    {
      "name": "Mederic64",
      "pages": [],
      "tradCount": 1,
      "readCount": 0,
      "score": 1
    },
    {
      "name": "mjmarc",
      "pages": [],
      "tradCount": 1,
      "readCount": 0,
      "score": 1
    },
    {
      "name": "monroe",
      "pages": [],
      "tradCount": 1,
      "readCount": 0,
      "score": 1
    },
    {
      "name": "MoonlightDevCorp",
      "pages": [],
      "tradCount": 1,
      "readCount": 0,
      "score": 1
    },
    {
      "name": "Mortibus",
      "pages": [],
      "tradCount": 1,
      "readCount": 0,
      "score": 1
    },
    {
      "name": "Mr willy",
      "pages": [],
      "tradCount": 1,
      "readCount": 0,
      "score": 1
    },
    {
      "name": "ornit",
      "pages": [],
      "tradCount": 1,
      "readCount": 0,
      "score": 1
    },
    {
      "name": "Paginou",
      "pages": [],
      "tradCount": 1,
      "readCount": 0,
      "score": 1
    },
    {
      "name": "Perverteer",
      "pages": [],
      "tradCount": 1,
      "readCount": 0,
      "score": 1
    },
    {
      "name": "Rave 1 Team",
      "pages": [],
      "tradCount": 1,
      "readCount": 0,
      "score": 1
    },
    {
      "name": "shadow_steve3395",
      "pages": [],
      "tradCount": 1,
      "readCount": 0,
      "score": 1
    },
    {
      "name": "thanos255",
      "pages": [],
      "tradCount": 1,
      "readCount": 0,
      "score": 1
    },
    {
      "name": "Tlaero",
      "pages": [],
      "tradCount": 1,
      "readCount": 0,
      "score": 1
    },
    {
      "name": "Turpez",
      "pages": [],
      "tradCount": 1,
      "readCount": 0,
      "score": 1
    },
    {
      "name": "UncleVT",
      "pages": [],
      "tradCount": 1,
      "readCount": 0,
      "score": 1
    },
    {
      "name": "XtreamAnim",
      "pages": [],
      "tradCount": 1,
      "readCount": 0,
      "score": 1
    },
    {
      "name": "xube",
      "pages": [],
      "tradCount": 1,
      "readCount": 0,
      "score": 1
    },
    {
      "name": "YANKATOR",
      "pages": [],
      "tradCount": 1,
      "readCount": 0,
      "score": 1
    },
    {
      "name": "zababou25",
      "pages": [],
      "tradCount": 1,
      "readCount": 0,
      "score": 1
    },
    {
      "name": "Bestiole",
      "pages": [],
      "tradCount": 0,
      "readCount": 1,
      "score": 1
    },
    {
      "name": "Hunteraulo",
      "pages": [],
      "tradCount": 0,
      "readCount": 1,
      "score": 1
    },
    {
      "name": "macauchi",
      "pages": [],
      "tradCount": 0,
      "readCount": 1,
      "score": 1
    },
    {
      "name": "turock2380",
      "pages": [],
      "tradCount": 0,
      "readCount": 1,
      "score": 1
    }
  ]
}
