{
  "$schema": "https://biomejs.dev/schemas/1.8.1/schema.json",
  "formatter": {
    "enabled": true,
    "formatWithErrors": false,
    "indentStyle": "space",
    "indentWidth": 2,
    "lineEnding": "lf",
    "lineWidth": 120,
    "attributePosition": "auto",
    "ignore": [
      "**/.DS_Store",
      "**/node_modules",
      "./builds",
      "./.svelte-kit",
      "./package",
      "**/.env",
      "**/.env.*",
      "**/pnpm-lock.yaml",
      "**/package-lock.json",
      "**/yarn.lock"
    ]
  },
  "organizeImports": {
    "enabled": true
  },
  "linter": {
    "enabled": true,
    "rules": {
      "recommended": false,
      "complexity": {
        "noBannedTypes": "error",
        "noUselessThisAlias": "error",
        "noUselessTypeConstraint": "error",
        "useArrowFunction": "off"
      },
      "correctness": {
        "noPrecisionLoss": "error",
        "noUnusedVariables": "error",
        "useArrayLiterals": "off"
      },
      "style": {
        "noNamespace": "error",
        "useAsConstAssertion": "error",
        "useBlockStatements": "off"
      },
      "suspicious": {
        "noExplicitAny": "error",
        "noExtraNonNullAssertion": "error",
        "noMisleadingInstantiator": "error",
        "noUnsafeDeclarationMerging": "error"
      }
    },
    "ignore": [
      ".DS_Store",
      "node_modules",
      ".env",
      ".env.*",
      "!.env.example",
      "build",
      ".svelte-kit",
      "bun.lockb",
      "pnpm-lock.yaml",
      "yarn.lock",
      "package-lock.json",
      "builds/",
      "ui/"
    ]
  },
  "javascript": {
    "formatter": {
      "jsxQuoteStyle": "double",
      "quoteProperties": "asNeeded",
      "trailingCommas": "es5",
      "semicolons": "asNeeded",
      "arrowParentheses": "asNeeded",
      "bracketSpacing": true,
      "bracketSameLine": false,
      "quoteStyle": "single",
      "attributePosition": "auto"
    },
    "globals": [
      "ononline",
      "OffscreenCanvas",
      "onpointerleave",
      "onpointerenter",
      "onemptied",
      "onmouseenter",
      "onkeypress",
      "onloadeddata",
      "oninvalid",
      "onmouseup",
      "onvolumechange",
      "onpointerout",
      "onstorage",
      "onpause",
      "onkeyup",
      "onabort",
      "onanimationstart",
      "onafterprint",
      "onblur",
      "ondurationchange",
      "onwaiting",
      "ondeviceorientation",
      "oncanplaythrough",
      "onclose",
      "onbeforeunload",
      "onanimationend",
      "onmouseleave",
      "oncancel",
      "onseeked",
      "onpointerover",
      "ondragleave",
      "ongotpointercapture",
      "onloadedmetadata",
      "onpageshow",
      "onplay",
      "onunhandledrejection",
      "onbeforeprint",
      "onstalled",
      "oncontextmenu",
      "onreset",
      "onpointercancel",
      "onsubmit",
      "ondrag",
      "onload",
      "onlostpointercapture",
      "onsuspend",
      "ondragstart",
      "onpagehide",
      "onmessage",
      "location",
      "onoffline",
      "onappinstalled",
      "onrejectionhandled",
      "onunload",
      "onwheel",
      "onended",
      "onmousedown",
      "onpointerup",
      "onmouseover",
      "onkeydown",
      "onclick",
      "onfocus",
      "onscroll",
      "onresize",
      "onsearch",
      "ontoggle",
      "exports",
      "oncanplay",
      "onlanguagechange",
      "onpointerdown",
      "ondeviceorientationabsolute",
      "ondragenter",
      "onauxclick",
      "onerror",
      "onpointermove",
      "onmousemove",
      "ondevicemotion",
      "ondrop",
      "onhashchange",
      "onanimationiteration",
      "ondblclick",
      "onratechange",
      "ontransitionend",
      "ondragend",
      "onpopstate",
      "onplaying",
      "onchange",
      "onselect",
      "onbeforeinstallprompt",
      "onmouseout",
      "ontimeupdate",
      "ondragover",
      "oncuechange",
      "onprogress",
      "onloadstart",
      "onseeking",
      "oninput",
      "onmessageerror",
      "onmousewheel"
    ]
  },
  "overrides": [
    {
      "include": ["**/*.ts", "**/*.tsx", "**/*.mts", "**/*.cts", "**/*.svelte"],
      "linter": {
        "rules": {
          "correctness": {
            "noConstAssign": "off",
            "noGlobalObjectCalls": "off",
            "noInvalidConstructorSuper": "off",
            "noInvalidNewBuiltin": "off",
            "noNewSymbol": "off",
            "noSetterReturn": "off",
            "noUndeclaredVariables": "off",
            "noUnreachable": "off",
            "noUnreachableSuper": "off"
          },
          "style": {
            "noArguments": "error",
            "noVar": "error",
            "useConst": "error"
          },
          "suspicious": {
            "noDuplicateClassMembers": "off",
            "noDuplicateObjectKeys": "off",
            "noDuplicateParameters": "off",
            "noFunctionAssign": "off",
            "noImportAssign": "off",
            "noRedeclare": "off",
            "noUnsafeNegation": "off",
            "useGetterReturn": "off"
          }
        }
      }
    },
    {
      "include": ["*.svelte"],
      "linter": {
        "rules": {
          "correctness": {
            "noUnusedVariables": "off"
          },
          "style": {
            "useConst": "off"
          }
        }
      }
    }
  ]
}
