{
  "name": "F95 France - Extension",
  "description": "Extension of F95 France community",
  "author": "Hunteraulo",
  "version": "0.0.1",
  "manifest_version": 3,
  "icons": {
    "128": "favicon.png"
  },
  "action": {
    "default_popup": "index.html",
    "default_icon": {
      "128": "favicon.png"
    },
    "default_title": "F95 France - Extension"
  },
  "permissions": [
    "storage",
    "unlimitedStorage"
  ],
  "content_scripts": [
    {
      "matches": [
        "*://f95zone.to/sam/latest_alpha/*",
        "*://f95zone.to/threads/*",
        "*://lewdcorner.com/latest-updates/*",
        "*://lewdcorner.com/threads/*"
      ],
      "js": [
        "content.js"
      ],
      "run_at": "document_idle",
      "all_frames": false
    }
  ],
  "background": {
    "service_worker": "background.js",
    "type": "module"
  }
}
